frame,t,dt_us,accept,u0,v0,c0,u1,v1,c1
0,0.2860,26073.0,0,,,,944.04,686.41,0.329
1,0.6134,6109.0,1,,,,,,
2,0.7801,3879.0,1,,,,,,
3,0.9100,3877.0,1,,,,,,
4,1.0422,3876.0,1,,,,,,
5,1.1688,3871.0,1,,,,,,
6,1.2916,6112.0,1,,,,,,
7,1.4190,3873.0,1,,,,,,
8,1.5409,3873.0,1,,,,,,
9,1.6630,6116.0,1,,,,,,
10,1.7990,6124.0,1,,,,,,
11,1.9257,6117.0,1,,,,,,
12,2.0508,6124.0,1,,,,,,
13,2.1799,6118.0,1,,,,,,
14,2.3061,3864.0,1,,,,,,
15,2.4282,6125.0,1,,,,,,
16,2.5563,3865.0,1,,,,,,
17,2.6806,6121.0,1,,,,,,
18,2.8071,3861.0,1,,,,,,
19,2.9337,3860.0,1,,,,,,
20,3.0589,6127.0,1,,,,,,
21,3.1886,6127.0,1,,,,,,
22,3.3139,3858.0,1,,,,,,
23,3.4590,3863.0,1,,,,,,
24,3.5933,6140.0,1,,,,,,
25,3.7207,6125.0,1,,,,,,
26,3.8437,3853.0,1,,,,,,
27,3.9678,6130.0,1,,,,,,
28,4.1001,6132.0,1,,,,,,
29,4.2306,3851.0,1,,,,,,
30,4.3596,6133.0,1,,,,,,
31,4.4893,6137.0,1,,,,,,
32,4.6182,6140.0,1,,,,,,
33,4.7444,6150.0,1,,,,,,
34,4.8729,6135.0,1,,,,,,
35,5.0010,3851.0,1,,,,,,
36,5.1283,6137.0,1,,,,,,
37,5.2533,6140.0,1,,,,,,
38,5.3748,6138.0,1,,,,,,
39,5.5043,6133.0,1,,,,,,
40,5.6356,3848.0,1,,,,,,
41,5.7659,6154.0,1,,,,,,
42,5.8971,6149.0,1,,,,,,
43,6.0295,6145.0,1,,,,,,
44,6.1507,6142.0,1,,,,,,
45,6.2803,3852.0,1,,,,,,
46,6.4126,3843.0,1,,,,,,
47,6.5449,3838.0,1,,,,,,
48,6.6717,3835.0,1,,,,,,
49,6.8017,6176.0,1,,,,,,
50,6.9321,3835.0,1,,,,,,
51,7.0626,3841.0,1,,,,,,
52,7.1857,3834.0,1,,,,,,
53,7.3150,3842.0,1,,,,,,
54,7.4471,3850.0,1,,,,,,
55,7.5814,3841.0,1,,,,,,
56,7.7067,6151.0,1,,,,,,
57,7.8349,3824.0,1,,,,,,
58,7.9643,3834.0,1,,,,,,
59,8.0986,3842.0,1,,,,,,
60,8.2243,6157.0,1,,,,,,
61,8.3543,3831.0,1,,,,,,
62,8.4805,3838.0,1,,,,,,
63,8.6086,6167.0,1,,,,,,
64,8.7390,3823.0,1,,,,,,
65,8.8693,3828.0,1,,,,,,
66,9.0026,6168.0,1,,,,,,
67,9.1329,3837.0,1,,,,,,
68,9.2628,3832.0,1,,,,,,
69,9.3926,3825.0,1,,,,,,
70,9.5245,3828.0,1,,,,,,
71,9.6565,6164.0,1,,,,,,
72,9.7880,3821.0,1,,,,,,
73,9.9174,6167.0,1,,,,,,
74,10.0490,6180.0,1,,,,,,
75,10.1745,3816.0,1,,,,,,
76,10.3106,3821.0,1,,,,,,
77,10.4429,3830.0,1,,,,,,
78,10.5757,3820.0,1,,,,,,
79,10.7031,3813.0,1,,,,,,
80,10.8285,3814.0,1,,,,,,
81,10.9562,6178.0,1,,,,,,
82,11.0907,6183.0,1,,,,,,
83,11.2151,6175.0,1,,,,,,
84,11.3465,6178.0,1,,,,,,
85,11.4764,6182.0,1,,,,,,
86,11.6073,6177.0,1,,,,,,
87,11.7400,6179.0,1,,,,,,
88,11.8738,3812.0,1,,,,,,
89,11.9984,3803.0,1,,,,,,
90,12.1268,6181.0,1,,,,,,
91,12.2537,6185.0,1,,,,,,
92,12.3808,3801.0,1,,,,,,
93,12.5075,3804.0,1,,,,,,
94,12.6353,6185.0,1,,,,,,
95,12.7616,6188.0,1,,,,,,
96,12.8879,3797.0,1,,,,,,
97,13.0182,6190.0,1,,,,,,
98,13.1428,3796.0,1,,,,,,
99,13.2671,3795.0,1,,,,,,
100,13.3940,6193.0,1,,,,,,
101,13.5199,6190.0,1,,,,,,
102,13.6505,6190.0,1,,,,,,
103,13.7784,3794.0,1,,,,,,
104,13.9061,3796.0,1,,,,,,
105,14.0355,6195.0,1,,,,,,
106,14.1613,6191.0,1,,,,,,
107,14.2878,3789.0,1,,,,,,
108,14.4153,3792.0,1,,,,,,
109,14.5475,3790.0,1,,,,,,
110,14.6735,3795.0,1,,,,,,
111,14.7985,6200.0,1,,,,,,
112,14.9248,3792.0,1,,,,,,
113,15.0497,6201.0,1,,,,,,
114,15.1736,6197.0,1,,,,,,
115,15.2974,6199.0,1,,,,,,
116,15.4150,3789.0,1,,,,,,
117,15.5370,6201.0,1,,,,,,
118,15.6623,3783.0,1,,,,,,
119,15.7905,6204.0,1,,,,,,
120,15.9196,6202.0,1,,,,,,
121,16.0519,3778.0,1,,,,,,
122,16.1799,6207.0,1,,,,,,
123,16.3025,6209.0,1,,,,,,
124,16.4250,6206.0,1,,,,,,
125,16.5497,6207.0,1,,,,,,
126,16.6743,3778.0,1,,,,,,
127,16.7995,3776.0,1,,,,,,
128,16.9266,6212.0,1,,,,,,
129,17.0546,3772.0,1,,,,,,
130,17.1829,3775.0,1,,,,,,
131,17.3062,6210.0,1,,,,,,
132,17.4300,3770.0,1,,,,,,
133,17.5557,6218.0,1,,,,,,
134,17.6764,3769.0,1,,,,,,
135,17.7974,3769.0,1,,,,,,
136,17.9221,6216.0,1,,,,,,
137,18.0476,3772.0,1,,,,,,
138,18.1721,3767.0,1,,,,,,
139,18.2930,6217.0,1,,,,,,
140,18.4200,3765.0,1,,,,,,
141,18.5553,3765.0,1,,,,,,
142,18.6817,3763.0,1,,,,,,
143,18.8078,3771.0,1,,,,,,
144,18.9317,6227.0,1,,,,,,
145,19.0566,6222.0,1,,,,,,
146,19.1817,6224.0,1,,,,,,
147,19.3031,3759.0,1,,,,,,
148,19.4289,6231.0,1,,,,,,
149,19.5568,3762.0,1,,,,,,
150,19.6810,6226.0,1,,,,,,
151,19.8031,3756.0,1,,,,,,
152,19.9231,6229.0,1,,,,,,
153,20.0480,6229.0,1,,,,,,
154,20.1731,6227.0,1,,,,,,
155,20.2947,3752.0,1,,,,,,
156,20.4179,6229.0,1,,,,,,
157,20.5406,6232.0,1,,,,,,
158,20.6696,3752.0,1,,,,,,
159,20.7953,3750.0,1,,,,,,
160,20.9182,6234.0,1,,,,,,
161,21.0403,6235.0,1,,,,,,
162,21.1691,6234.0,1,,,,,,
163,21.2943,3748.0,1,,,,,,
164,21.4212,6236.0,1,,,,,,
165,21.5505,6242.0,1,,,,,,
166,21.6748,3747.0,1,,,,,,
167,21.7968,6240.0,1,,,,,,
168,21.9182,6241.0,1,,,,,,
169,22.0426,3741.0,1,,,,,,
170,22.1641,3744.0,1,,,,,,
171,22.2889,6242.0,1,,,,,,
172,22.4156,6248.0,1,,,,,,
173,22.5416,3736.0,1,,,,,,
174,22.6659,6249.0,1,,,,,,
175,22.7949,3738.0,1,,,,,,
176,22.9192,3737.0,1,,,,,,
177,23.0440,6249.0,1,,,,,,
178,23.1719,6246.0,1,,,,,,
179,23.2994,3739.0,1,,,,,,
180,23.4277,6250.0,1,,,,,,
181,23.5531,6252.0,1,,,,,,
182,23.6759,6251.0,1,,,,,,
183,23.7988,3730.0,1,,,,,,
184,23.9232,6253.0,1,,,,,,
185,24.0461,3731.0,1,,,,,,
186,24.1779,3732.0,1,,,,,,
187,24.3023,6255.0,1,,,,,,
188,24.4184,6255.0,1,,,,,,
189,24.5397,6255.0,1,,,,,,
190,24.6693,6255.0,1,,,,,,
191,24.8116,3730.0,1,,,,,,
192,24.9392,3727.0,1,,,,,,
193,25.0681,3728.0,1,,,,,,
194,25.1932,6254.0,1,,,,,,
195,25.3186,6266.0,1,,,,,,
196,25.4422,3727.0,1,,,,,,
197,25.5758,3720.0,1,,,,,,
198,25.7009,6263.0,1,,,,,,
199,25.8229,3718.0,1,,,,,,
200,25.9461,3719.0,1,,,,,,
201,26.0749,6265.0,1,,,,,,
202,26.1994,6269.0,1,,,,,,
203,26.3203,3716.0,1,,,,,,
204,26.4422,3716.0,1,,,,,,
205,26.5682,3714.0,1,,,,,,
206,26.6866,3716.0,1,,,,,,
207,26.8097,3722.0,1,,,,,,
208,26.9392,3711.0,1,,,,,,
209,27.0641,3713.0,1,,,,,,
210,27.1874,6270.0,1,,,,,,
211,27.3091,6273.0,1,,,,,,
212,27.4366,6282.0,1,,,,,,
213,27.5648,3718.0,1,,,,,,
214,27.6906,6275.0,1,,,,,,
215,27.8156,6282.0,1,,,,,,
216,27.9419,3708.0,1,,,,,,
217,28.0691,6282.0,1,,,,,,
218,28.1946,3707.0,1,,,,,,
219,28.3220,3707.0,1,,,,,,
220,28.4518,3709.0,1,,,,,,
221,28.5764,6281.0,1,,,,,,
222,28.7041,3701.0,1,,,,,,
223,28.8297,3705.0,1,,,,,,
224,28.9510,6283.0,1,,,,,,
225,29.0757,3711.0,1,,,,,,
226,29.2013,3698.0,1,,,,,,
227,29.3222,6285.0,1,,,,,,
228,29.4495,3701.0,1,,,,,,
229,29.5770,6287.0,1,,,,,,
230,29.7020,3694.0,1,,,,,,
231,29.8291,3694.0,1,,,,,,
232,29.9573,6290.0,1,,,,,,
233,30.0815,6293.0,1,,,,,,
234,30.2121,6289.0,1,,,,,,
235,30.3343,3691.0,1,,,,,,
236,30.4573,3691.0,1,,,,,,
237,30.5865,6293.0,1,,,,,,
238,30.7124,6294.0,1,,,,,,
239,30.8350,3688.0,1,,,,,,
240,30.9599,6296.0,1,,,,,,
241,31.0847,3688.0,1,,,,,,
242,31.2146,6295.0,1,,,,,,
243,31.3381,6304.0,1,,,,,,
244,31.4699,6299.0,1,,,,,,
245,31.5969,3684.0,1,,,,,,
246,31.7212,6299.0,1,,,,,,
247,31.8466,3681.0,1,,,,,,
248,31.9723,3682.0,1,,,,,,
249,32.0978,3683.0,1,,,,,,
250,32.2214,6302.0,1,,,,,,
251,32.3463,6306.0,1,,,,,,
252,32.4723,3685.0,1,,,,,,
253,32.5985,6309.0,1,,,,,,
254,32.7256,3678.0,1,,,,,,
255,32.8479,6307.0,1,,,,,,
256,32.9698,3674.0,1,,,,,,
257,33.0994,3673.0,1,,,,,,
258,33.2365,3669.0,1,,,,,,
259,33.3828,3676.0,1,,,,,,
260,33.5013,6309.0,1,,,,,,
261,33.6246,6314.0,1,,,,,,
262,33.7539,3676.0,1,,,,,,
263,33.8756,6313.0,1,,,,,,
264,34.0039,3671.0,1,,,,,,
265,34.1333,3673.0,1,,,,,,
266,34.2597,3675.0,1,,,,,,
267,34.3845,6321.0,1,,,,,,
268,34.5065,3667.0,1,,,,,,
269,34.6306,3665.0,1,,,,,,
270,34.7590,6319.0,1,,,,,,
271,34.8844,6322.0,1,,,,,,
272,35.0077,3662.0,1,,,,,,
273,35.1383,6324.0,1,,,,,,
274,35.2626,6324.0,1,,,,,,
275,35.3861,3662.0,1,,,,,,
276,35.5099,3661.0,1,,,,,,
277,35.6367,3673.0,1,,,,,,
278,35.7582,6326.0,1,,,,,,
279,35.8802,6327.0,1,,,,,,
280,36.0044,6325.0,1,,,,,,
281,36.1261,3656.0,1,,,,,,
282,36.2523,6328.0,1,,,,,,
283,36.3757,3654.0,1,,,,,,
284,36.5014,6333.0,1,,,,,,
285,36.6262,3652.0,1,,,,,,
286,36.7485,6330.0,1,,,,,,
287,36.8730,3652.0,1,,,,,,
288,36.9971,3650.0,1,,,,,,
289,37.1262,3650.0,1,,,,,,
290,37.2511,6335.0,1,,,,,,
291,37.3731,3649.0,1,,,,,,
292,37.4993,6337.0,1,,,,,,
293,37.6255,3649.0,1,,,,,,
294,37.7498,6335.0,1,,,,,,
295,37.8738,3646.0,1,,,,,,
296,37.9931,6340.0,1,,,,,,
297,38.1159,6343.0,1,,,,,,
298,38.2416,6335.0,1,,,,,,
299,38.3674,6341.0,1,,,,,,
300,38.4916,3649.0,1,,,,,,
301,38.6184,6346.0,1,,,,,,
302,38.7433,3641.0,1,,,,,,
303,38.8666,6345.0,1,,,,,,
304,38.9895,3639.0,1,,,,,,
305,39.1140,6346.0,1,,,,,,
306,39.2398,6343.0,1,,,,,,
307,39.3637,6348.0,1,,,,,,
308,39.4890,6345.0,1,,,,,,
309,39.6132,3636.0,1,,,,,,
310,39.7434,6348.0,1,,,,,,
311,39.8805,3642.0,1,,,,,,
312,40.0095,6349.0,1,,,,,,
313,40.1342,6352.0,1,,,,,,
314,40.2518,6348.0,1,,,,,,
315,40.3724,6352.0,1,,,,,,
316,40.4966,6352.0,1,,,,,,
317,40.6238,6358.0,1,,,,,,
318,40.7483,3632.0,1,,,,,,
319,40.8738,6358.0,1,,,,,,
320,40.9974,3626.0,1,,,,,,
321,41.1294,6359.0,1,,,,,,
322,41.2539,3633.0,1,,,,,,
323,41.3767,3625.0,1,,,,,,
324,41.5013,6364.0,1,,,,,,
325,41.6263,6360.0,1,,,,,,
326,41.7514,6363.0,1,,,,,,
327,41.8741,3632.0,1,,,,,,
328,41.9992,6368.0,1,,,,,,
329,42.1250,6360.0,1,,,,,,
330,42.2488,3620.0,1,,,,,,
331,42.3728,6365.0,1,,,,,,
332,42.4942,3619.0,1,,,,,,
333,42.6206,6371.0,1,,,,,,
334,42.7454,3617.0,1,,,,,,
335,42.8686,6369.0,1,,,,,,
336,42.9949,3618.0,1,,,,,,
337,43.1188,6370.0,1,,,,,,
338,43.2471,6369.0,1,,,,,,
339,43.3715,3619.0,1,,,,,,
340,43.4965,6375.0,1,,,,,,
341,43.6204,6371.0,1,,,,,,
342,43.7445,3611.0,1,,,,,,
343,43.8742,6381.0,1,,,,,,
344,43.9997,6376.0,1,,,,,,
345,44.1245,3609.0,1,,,,,,
346,44.2483,6376.0,1,,,,,,
347,44.3723,3608.0,1,,,,,,
348,44.4972,6378.0,1,,,,,,
349,44.6250,3605.0,1,,,,,,
350,44.7448,6377.0,1,,,,,,
351,44.8678,3608.0,1,,,,,,
352,45.0078,3604.0,1,,,,,,
353,45.1320,6392.0,1,,,,,,
354,45.2607,6385.0,1,,,,,,
355,45.3870,6386.0,1,,,,,,
356,45.5127,6388.0,1,,,,,,
357,45.6386,3600.0,1,,,,,,
358,45.7633,6386.0,1,,,,,,
359,45.8874,3603.0,1,,,,,,
360,46.0120,6390.0,1,,,,,,
361,46.1389,6387.0,1,,,,,,
362,46.2647,6388.0,1,,,,,,
363,46.3869,3595.0,1,,,,,,
364,46.5115,6392.0,1,,,,,,
365,46.6408,3604.0,1,,,,,,
366,46.7642,6389.0,1,,,,,,
367,46.8862,3592.0,1,,,,,,
368,47.0049,6395.0,1,,,,,,
369,47.1278,3590.0,1,,,,,,
370,47.2520,6395.0,1,,,,,,
371,47.3745,3594.0,1,,,,,,
372,47.5008,6401.0,1,,,,,,
373,47.6279,3592.0,1,,,,,,
374,47.7530,6402.0,1,,,,,,
375,47.8758,3585.0,1,,,,,,
376,47.9989,6400.0,1,,,,,,
377,48.1269,3586.0,1,,,,,,
378,48.2759,3587.0,1,,,,,,
379,48.4025,3582.0,1,,,,,,
380,48.5252,3583.0,1,,,,,,
381,48.6508,6405.0,1,,,,,,
382,48.7744,3580.0,1,,,,,,
383,48.8982,6406.0,1,,,,,,
384,49.0205,6403.0,1,,,,,,
385,49.1468,3578.0,1,,,,,,
386,49.2655,3582.0,1,,,,,,
387,49.3880,6406.0,1,,,,,,
388,49.5141,3580.0,1,,,,,,
389,49.6391,6407.0,1,,,,,,
390,49.7626,3574.0,1,,,,,,
391,49.8868,6409.0,1,,,,,,
392,50.0112,3574.0,1,,,,,,
393,50.1552,6414.0,1,,,,,,
394,50.2802,3578.0,1,,,,,,
395,50.4032,3571.0,1,,,,,,
396,50.5267,6414.0,1,,,,,,
397,50.6502,3570.0,1,,,,,,
398,50.7739,3567.0,1,,,,,,
399,50.9026,6416.0,1,,,,,,
400,51.0282,6416.0,1,,,,,,
401,51.1553,3567.0,1,,,,,,
402,51.2801,3567.0,1,,,,,,
403,51.4040,6423.0,1,,,,,,
404,51.5224,3567.0,1,,,,,,
405,51.6464,6420.0,1,,,,,,
406,51.7692,3562.0,1,,,,,,
407,51.8927,6422.0,1,,,,,,
408,52.0174,3567.0,1,,,,,,
409,52.1440,6428.0,1,,,,,,
410,52.2694,3560.0,1,,,,,,
411,52.3949,3559.0,1,,,,,,
412,52.5243,3558.0,1,,,,,,
413,52.6491,3557.0,1,,,,,,
414,52.7726,6433.0,1,,,,,,
415,52.8995,3560.0,1,,,,,,
416,53.0251,6428.0,1,,,,,,
417,53.1535,6431.0,1,,,,,,
418,53.2777,3553.0,1,,,,,,
419,53.4007,6432.0,1,,,,,,
420,53.5268,3551.0,1,,,,,,
421,53.6569,6430.0,1,,,,,,
422,53.7794,6433.0,1,,,,,,
423,53.9027,6434.0,1,,,,,,
424,54.0292,3550.0,1,,,,,,
425,54.1541,3555.0,1,,,,,,
426,54.2778,6437.0,1,,,,,,
427,54.4016,3552.0,1,,,,,,
428,54.5276,3545.0,1,,,,,,
429,54.6544,3550.0,1,,,,,,
430,54.7785,6440.0,1,,,,,,
431,54.9007,3543.0,1,,,,,,
432,55.0267,3542.0,1,,,,,,
433,55.1629,3548.0,1,,,,,,
434,55.2955,6445.0,1,,,,,,
435,55.4193,6441.0,1,,,,,,
436,55.5429,3540.0,1,,,,,,
437,55.6670,6448.0,1,,,,,,
438,55.7929,3538.0,1,,,,,,
439,55.9182,6446.0,1,,,,,,
440,56.0358,3536.0,1,,,,,,
441,56.1573,6447.0,1,,,,,,
442,56.2808,3535.0,1,,,,,,
443,56.4048,6453.0,1,,,,,,
444,56.5306,3534.0,1,,,,,,
445,56.6597,6454.0,1,,,,,,
446,56.7849,6453.0,1,,,,,,
447,56.9088,3532.0,1,,,,,,
448,57.0342,6459.0,1,,,,,,
449,57.1620,3533.0,1,,,,,,
450,57.2855,3532.0,1,,,,,,
451,57.4062,3528.0,1,,,,,,
452,57.5312,3526.0,1,,,,,,
453,57.6610,6456.0,1,,,,,,
454,57.7870,3534.0,1,,,,,,
455,57.9101,3525.0,1,,,,,,
456,58.0341,6464.0,1,,,,,,
457,58.1605,3523.0,1,,,,,,
458,58.2802,6459.0,1,,,,,,
459,58.4015,6461.0,1,,,,,,
460,58.5255,6460.0,1,,,,,,
461,58.6504,3520.0,1,,,,,,
462,58.7741,6463.0,1,,,,,,
463,58.8965,3519.0,1,,,,,,
464,59.0208,6467.0,1,,,,,,
465,59.1524,6475.0,1,,,,,,
466,59.2777,3516.0,1,,,,,,
467,59.4012,6467.0,1,,,,,,
468,59.5254,3516.0,1,,,,,,
469,59.6524,6470.0,1,,,,,,
470,59.7770,6468.0,1,,,,,,
471,59.8997,6469.0,1,,,,,,
472,60.0250,3513.0,1,,,,,,
473,60.1539,6473.0,1,,,,,,
474,60.2931,6474.0,1,,,,,,
475,60.4212,6478.0,1,,,,,,
476,60.5421,3509.0,1,,,,,,
477,60.6658,3509.0,1,,,,,,
478,60.7909,3513.0,1,,,,,,
479,60.9130,3508.0,1,,,,,,
480,61.0387,6479.0,1,,,,,,
481,61.1630,6477.0,1,,,,,,
482,61.2873,3504.0,1,,,,,,
483,61.4087,6478.0,1,,,,,,
484,61.5308,3503.0,1,,,,,,
485,61.6549,3503.0,1,,,,,,
486,61.7775,6481.0,1,,,,,,
487,61.9002,3500.0,1,,,,,,
488,62.0259,3501.0,1,,,,,,
489,62.1541,3500.0,1,,,,,,
490,62.2784,3504.0,1,,,,,,
491,62.4011,3498.0,1,,,,,,
492,62.5266,6489.0,1,,,,,,
493,62.6532,3496.0,1,,,,,,
494,62.7722,6488.0,1,,,,,,
495,62.8932,6487.0,1,,,,,,
496,63.0170,6489.0,1,,,,,,
497,63.1458,6495.0,1,,,,,,
498,63.2737,6499.0,1,,,,,,
499,63.3997,3496.0,1,,,,,,
500,63.5270,6497.0,1,,,,,,
501,63.6526,6493.0,1,,,,,,
502,63.7753,6493.0,1,,,,,,
503,63.8972,3488.0,1,,,,,,
504,64.0215,3489.0,1,,,,,,
505,64.1466,6495.0,1,,,,,,
506,64.2708,3486.0,1,,,,,,
507,64.3951,3490.0,1,,,,,,
508,64.5211,3486.0,1,,,,,,
509,64.6462,6497.0,1,,,,,,
510,64.7733,6497.0,1,,,,,,
511,64.9008,3486.0,1,,,,,,
512,65.0203,3487.0,1,,,,,,
513,65.1448,3486.0,1,,,,,,
514,65.2698,6507.0,1,,,,,,
515,65.4074,6504.0,1,,,,,,
516,65.5329,6508.0,1,,,,,,
517,65.6583,3479.0,1,,,,,,
518,65.7825,6506.0,1,,,,,,
519,65.9061,3476.0,1,,,,,,
520,66.0326,6515.0,1,,,,,,
521,66.1598,6513.0,1,,,,,,
522,66.2829,3474.0,1,,,,,,
523,66.4067,6512.0,1,,,,,,
524,66.5295,6511.0,1,,,,,,
525,66.6532,3473.0,1,,,,,,
526,66.7784,6516.0,1,,,,,,
527,66.9044,3471.0,1,,,,,,
528,67.0303,6514.0,1,,,,,,
529,67.1595,6516.0,1,,,,,,
530,67.2799,3468.0,1,,,,,,
531,67.4047,6523.0,1,,,,,,
532,67.5292,6516.0,1,,,,,,
533,67.6533,3466.0,1,,,,,,
534,67.7771,3472.0,1,,,,,,
535,67.9005,3464.0,1,,,,,,
536,68.0244,3464.0,1,,,,,,
537,68.1523,3465.0,1,,,,,,
538,68.2776,6523.0,1,,,,,,
539,68.4003,3462.0,1,,,,,,
540,68.5266,6525.0,1,,,,,,
541,68.6590,3460.0,1,,,,,,
542,68.7849,3460.0,1,,,,,,
543,68.9094,3458.0,1,,,,,,
544,69.0347,6526.0,1,,,,,,
545,69.1601,3456.0,1,,,,,,
546,69.2840,6525.0,1,,,,,,
547,69.4055,3456.0,1,,,,,,
548,69.5255,3455.0,1,,,,,,
549,69.6495,3455.0,1,,,,,,
550,69.7732,6536.0,1,,,,,,
551,69.8952,6529.0,1,,,,,,
552,70.0217,3453.0,1,,,,,,
553,70.1512,3455.0,1,,,,,,
554,70.2775,3453.0,1,,,,,,
555,70.4025,6541.0,1,,,,,,
556,70.5588,3448.0,1,572.05,372.89,0.615,773.74,385.97,0.505
557,70.7036,6527.0,1,557.47,423.20,0.695,774.44,434.46,0.693
558,70.8457,6531.0,1,566.12,474.44,0.752,771.41,485.15,0.754
559,70.9853,3453.0,1,581.24,488.82,0.777,776.33,501.17,0.750
560,71.1324,6532.0,1,583.98,496.33,0.788,780.88,510.04,0.747
561,71.2696,3443.0,1,598.19,509.35,0.827,785.37,523.68,0.703
562,71.4089,3439.0,1,602.60,518.98,0.827,791.31,534.27,0.705
563,71.5516,3448.0,1,608.00,528.14,0.846,800.35,543.53,0.682
564,71.6968,3441.0,1,606.57,544.54,0.996,805.83,560.07,0.857
565,71.8369,6532.0,1,599.65,546.55,1.000,803.72,560.59,0.962
566,71.9727,3445.0,1,595.72,547.24,1.000,800.52,560.43,0.966
567,72.1119,6542.0,1,595.76,547.25,1.000,800.46,560.58,0.970
568,72.2546,3440.0,1,595.73,547.30,1.000,800.48,560.78,0.974
569,72.3945,6531.0,1,594.27,547.63,1.000,799.88,560.92,0.961
570,72.5351,6544.0,1,591.26,548.40,1.000,799.11,560.83,0.949
571,72.6782,6540.0,1,591.23,548.50,1.000,799.03,560.92,0.946
572,72.8127,3428.0,1,591.27,548.56,1.000,799.06,561.12,0.954
573,72.9578,3438.0,1,591.25,548.66,1.000,799.09,561.10,0.959
574,73.0990,3432.0,1,591.13,548.89,1.000,798.91,561.34,0.958
575,73.2432,6554.0,1,591.16,548.95,1.000,798.94,561.31,0.957
576,73.3829,6549.0,1,588.22,549.26,1.000,797.90,561.48,0.972
577,73.5251,6550.0,1,588.24,549.43,1.000,797.91,561.52,0.974
578,73.6616,6554.0,1,588.32,549.62,1.000,797.93,561.60,0.971
579,73.7994,6536.0,1,588.43,549.74,1.000,797.95,561.77,0.974
580,73.9418,6557.0,1,588.49,549.96,1.000,797.92,561.87,0.968
581,74.0848,6549.0,1,588.57,550.10,1.000,797.94,561.98,0.963
582,74.2274,6575.0,1,588.63,550.25,1.000,797.93,562.03,0.955
583,74.3697,6560.0,1,588.69,550.39,1.000,797.91,562.13,0.962
584,74.5056,6553.0,1,588.72,550.37,1.000,797.90,562.15,0.964
585,74.6460,3421.0,1,588.75,550.56,1.000,797.90,562.23,0.965
586,74.7864,3423.0,1,588.76,550.69,1.000,797.91,562.33,0.963
587,74.9236,3428.0,1,588.70,550.84,1.000,797.86,562.43,0.959
588,75.0642,3414.0,1,588.75,550.85,1.000,797.87,562.47,0.954
589,75.2102,6570.0,1,588.78,550.98,1.000,797.88,562.50,0.958
590,75.3445,6562.0,1,588.80,551.02,1.000,797.90,562.55,0.965
591,75.4812,3419.0,1,588.77,551.25,1.000,797.92,562.59,0.957
592,75.6206,3425.0,1,587.99,551.67,1.000,798.30,562.77,0.960
593,75.7641,6567.0,1,587.91,551.53,1.000,798.30,562.83,0.963
594,75.9046,3418.0,1,587.97,551.73,1.000,798.27,562.92,0.967
595,76.0447,3413.0,1,587.85,551.85,1.000,798.26,562.91,0.963
596,76.1831,3406.0,1,587.79,552.06,1.000,798.12,563.02,0.969
597,76.3211,3411.0,1,587.84,552.11,1.000,798.14,562.97,0.972
598,76.4600,6572.0,1,588.18,552.24,1.000,797.84,563.07,0.976
599,76.6021,3411.0,1,595.41,551.62,1.000,793.49,562.65,0.959
600,76.7430,3411.0,1,605.80,550.71,1.000,791.80,562.34,0.952
601,76.8840,3411.0,1,614.44,549.89,1.000,792.24,562.25,0.945
602,77.0249,6568.0,1,623.55,549.04,1.000,792.90,562.06,0.948
603,77.1687,6574.0,1,628.24,549.11,1.000,796.07,562.18,0.916
604,77.3082,6577.0,1,633.83,548.91,1.000,797.96,562.19,0.903
605,77.4467,6577.0,1,641.64,547.95,1.000,801.90,562.73,0.906
606,77.5879,6575.0,1,651.96,547.60,1.000,804.83,562.82,0.899
607,77.7304,6572.0,1,660.29,546.60,1.000,812.01,563.37,0.885
608,77.8644,3398.0,1,667.24,546.35,1.000,816.18,563.61,0.873
609,78.0020,6565.0,1,671.43,545.81,1.000,818.13,563.65,0.859
610,78.1477,6575.0,1,674.87,545.81,1.000,820.37,563.75,0.851
611,78.2894,3401.0,1,677.87,545.67,1.000,821.97,564.15,0.863
612,78.4336,3398.0,1,679.97,545.60,1.000,822.93,564.41,0.870
613,78.5743,6568.0,1,683.61,545.44,1.000,823.91,564.28,0.864
614,78.7144,3401.0,1,688.10,545.07,1.000,825.49,564.60,0.875
615,78.8523,6578.0,1,691.75,544.86,1.000,828.42,564.88,0.871
616,78.9932,6585.0,1,695.71,544.58,1.000,830.69,564.96,0.854
617,79.1370,6585.0,1,701.96,543.95,1.000,833.32,565.40,0.855
618,79.2762,6592.0,1,711.78,543.20,1.000,835.90,565.60,0.845
619,79.4148,3382.0,1,723.26,542.17,1.000,839.66,565.91,0.840
620,79.5506,3391.0,1,733.54,541.23,1.000,843.41,566.16,0.824
621,79.6997,6587.0,1,740.64,540.71,1.000,847.11,566.36,0.821
622,79.8424,6591.0,1,749.66,540.01,1.000,851.85,566.57,0.807
623,79.9820,6591.0,1,760.24,539.17,1.000,856.89,567.01,0.807
624,80.1264,3398.0,1,769.08,538.11,1.000,862.08,567.69,0.813
625,80.2669,3392.0,1,779.59,537.02,1.000,865.84,567.85,0.793
626,80.4013,3404.0,1,790.58,536.14,1.000,870.53,568.45,0.811
627,80.5447,3398.0,1,797.69,535.52,1.000,874.19,568.74,0.790
628,80.6992,3386.0,1,805.83,535.03,1.000,881.10,569.59,0.792
629,80.8398,6591.0,1,817.49,534.04,1.000,886.18,569.91,0.783
630,80.9803,6592.0,1,826.50,532.92,1.000,889.03,570.10,0.778
631,81.1305,6595.0,1,832.96,532.02,1.000,890.52,570.32,0.772
632,81.2665,6597.0,1,840.77,531.51,1.000,893.40,570.43,0.772
633,81.4122,3380.0,1,851.19,530.86,1.000,896.61,570.87,0.758
634,81.5585,3379.0,1,864.19,529.78,1.000,900.00,570.85,0.739
635,81.7053,3393.0,1,877.78,528.31,1.000,902.81,571.15,0.727
636,81.8516,6603.0,1,888.82,527.63,1.000,904.12,571.49,0.745
637,81.9979,3372.0,1,903.25,526.16,1.000,905.42,571.57,0.738
638,82.1429,3397.0,1,915.09,524.96,1.000,907.51,571.72,0.733
639,82.2824,3376.0,1,923.19,524.21,1.000,908.78,571.99,0.718
640,82.4228,3379.0,1,935.40,523.21,1.000,911.56,571.90,0.720
641,82.5646,3378.0,1,949.03,521.94,1.000,916.46,572.30,0.706
642,82.7073,3362.0,1,961.65,521.20,1.000,920.17,572.43,0.693
643,82.8473,3386.0,1,972.50,520.17,1.000,923.55,572.67,0.681
644,82.9825,6601.0,1,987.19,519.08,1.000,928.67,573.19,0.687
645,83.1248,3383.0,1,1002.13,517.72,1.000,933.02,573.56,0.685
646,83.2668,6607.0,1,1019.13,516.40,1.000,938.12,573.88,0.655
647,83.4067,6605.0,1,1031.98,515.07,1.000,941.69,574.23,0.663
648,83.5461,3376.0,1,1043.81,513.98,1.000,944.54,574.25,0.634
649,83.6881,6609.0,1,1055.37,512.99,1.000,948.09,574.54,0.650
650,83.8253,3364.0,1,1070.99,511.72,1.000,952.79,575.13,0.648
651,83.9658,6609.0,1,1082.66,510.55,1.000,954.61,575.24,0.608
652,84.1136,6615.0,1,1100.66,509.05,1.000,956.67,575.50,0.628
653,84.2540,6611.0,1,1119.58,507.22,1.000,958.61,575.67,0.618
654,84.3934,6616.0,1,1134.78,505.93,1.000,961.58,576.06,0.600
655,84.5341,6602.0,1,1143.01,505.37,1.000,963.52,576.53,0.638
656,84.6710,6617.0,1,1149.43,504.92,1.000,964.31,576.57,0.613
657,84.8067,6621.0,1,1158.24,504.12,1.000,965.58,576.46,0.606
658,84.9461,3356.0,1,1170.58,503.39,1.000,968.06,576.75,0.600
659,85.0872,3355.0,1,1185.47,502.33,1.000,971.16,577.13,0.606
660,85.2275,3353.0,1,1200.91,501.11,1.000,975.19,577.40,0.614
661,85.3712,3360.0,1,1211.94,500.45,1.000,979.37,577.73,0.595
662,85.5082,6620.0,1,1221.84,499.84,1.000,981.89,578.08,0.621
663,85.6471,3360.0,1,1231.74,499.31,1.000,983.97,578.41,0.612
664,85.7893,3353.0,1,1240.11,498.61,1.000,984.87,578.38,0.610
665,85.9310,6612.0,1,1249.13,497.97,1.000,985.66,578.32,0.593
666,86.0740,6628.0,1,1266.85,497.57,1.000,987.22,578.52,0.598
667,86.2147,6632.0,1,1275.07,489.42,1.000,989.83,579.10,0.595
668,86.3481,3351.0,1,1275.80,456.85,0.203,991.46,578.95,0.573
669,86.4786,6632.0,1,,,,993.35,579.02,0.561
670,86.6151,6623.0,1,,,,995.52,579.09,0.551
671,86.7498,3350.0,1,,,,997.22,579.37,0.575
672,86.8825,6631.0,1,,,,998.40,579.43,0.561
673,87.0122,6643.0,1,,,,999.67,579.34,0.554
674,87.1435,3347.0,1,,,,1001.16,579.69,0.541
675,87.2724,6638.0,1,,,,1001.15,579.69,0.540
676,87.4046,3340.0,1,,,,1001.14,579.66,0.539
677,87.5338,3348.0,1,,,,1001.14,579.65,0.535
678,87.6682,3343.0,1,,,,1001.04,579.50,0.518
679,87.7990,6637.0,1,,,,1000.85,579.29,0.504
680,87.9346,6638.0,1,,,,1000.18,579.82,0.520
681,88.0696,3358.0,1,,,,998.34,579.79,0.529
682,88.2077,6637.0,1,,,,994.82,579.44,0.521
683,88.3475,3348.0,1,1275.81,457.64,0.158,992.47,579.50,0.518
684,88.4878,6641.0,1,1274.83,478.70,1.000,990.34,579.33,0.562
685,88.6272,6635.0,1,1266.89,498.60,1.000,986.90,579.08,0.545
686,88.7668,6642.0,1,1242.78,499.47,1.000,982.28,578.79,0.542
687,88.9064,6639.0,1,1230.16,500.49,1.000,981.42,578.88,0.546
688,89.0456,6643.0,1,1227.11,500.79,1.000,981.13,578.86,0.552
689,89.1889,6645.0,1,1212.78,502.24,1.000,980.08,578.82,0.571
690,89.3313,3329.0,1,1192.05,503.91,1.000,978.55,578.77,0.562
691,89.4712,3341.0,1,1165.70,506.27,1.000,974.59,578.18,0.580
692,89.6120,3326.0,1,1142.25,508.52,1.000,974.97,578.39,0.601
693,89.7485,3345.0,1,1131.25,509.69,1.000,974.18,578.35,0.575
694,89.8880,3325.0,1,1122.52,509.40,1.000,971.95,577.75,0.548
695,90.0271,3329.0,1,1111.17,509.58,1.000,969.69,577.33,0.494
696,90.1704,6656.0,1,1102.06,510.54,1.000,968.29,576.94,0.475
697,90.3109,6653.0,1,1094.79,498.56,1.000,965.34,576.60,0.435
698,90.4458,6650.0,1,1088.15,498.67,1.000,963.78,576.70,0.441
699,90.5820,6659.0,1,1079.65,499.61,1.000,961.79,575.87,0.436
700,90.7505,3335.0,1,1068.09,498.53,1.000,958.81,575.24,0.422
701,90.8933,6655.0,1,1056.43,497.98,1.000,957.75,575.77,0.413
702,91.0338,6657.0,1,1054.74,495.99,1.000,953.85,575.29,0.395
703,91.1779,6658.0,1,1049.79,495.64,1.000,948.48,574.35,0.386
704,91.3103,3324.0,1,1033.90,497.11,1.000,944.39,574.05,0.395
705,91.4552,3334.0,1,1019.40,497.96,1.000,943.01,563.87,0.400
706,91.6052,6664.0,1,1011.90,499.35,1.000,942.29,573.73,0.406
707,91.7454,3320.0,1,997.73,502.07,1.000,941.61,574.38,0.402
708,91.8920,6679.0,1,983.64,505.70,1.000,939.35,574.00,0.426
709,92.0321,6662.0,1,973.78,507.35,1.000,935.86,573.88,0.428
710,92.1734,3321.0,1,964.70,511.01,1.000,934.77,574.12,0.456
711,92.3119,6672.0,1,959.64,525.96,1.000,933.42,576.05,0.679
712,92.4543,6661.0,1,954.62,527.23,1.000,932.12,576.44,0.639
713,92.5925,3313.0,1,950.97,527.61,1.000,929.02,575.90,0.622
714,92.7388,6673.0,1,945.51,528.14,1.000,927.91,575.78,0.618
715,92.8796,6656.0,1,938.97,528.97,1.000,926.30,575.50,0.627
716,93.0166,3320.0,1,921.85,530.80,1.000,923.07,575.21,0.652
717,93.1591,6672.0,1,902.88,532.73,1.000,920.57,575.21,0.656
718,93.3035,6667.0,1,888.56,533.02,1.000,916.76,575.16,0.660
719,93.4464,3308.0,1,878.37,532.22,1.000,912.75,574.38,0.606
720,93.5890,6670.0,1,866.23,533.36,1.000,912.65,574.36,0.556
721,93.7376,6671.0,1,854.04,536.92,1.000,913.73,575.57,0.691
722,93.8771,6670.0,1,838.35,537.05,1.000,911.34,574.78,0.616
723,94.0154,6674.0,1,826.83,537.98,1.000,908.32,574.20,0.570
724,94.1602,6675.0,1,818.89,539.04,1.000,904.17,574.35,0.604
725,94.3005,6683.0,1,810.18,541.24,1.000,898.99,574.28,0.672
726,94.4391,3299.0,1,798.12,543.76,1.000,895.37,574.42,0.742
727,94.5783,3304.0,1,790.51,544.68,1.000,894.57,574.47,0.732
728,94.7159,6679.0,1,786.99,545.14,1.000,893.16,574.55,0.743
729,94.8617,6677.0,1,782.25,545.54,1.000,891.77,574.26,0.716
730,95.0059,6682.0,1,775.46,546.27,1.000,887.98,574.14,0.734
731,95.1478,6679.0,1,771.26,546.64,1.000,883.58,573.69,0.733
732,95.2877,6691.0,1,764.52,547.46,1.000,879.05,573.24,0.729
733,95.4276,3299.0,1,749.49,549.11,1.000,875.97,573.09,0.732
734,95.5623,3293.0,1,738.30,549.97,1.000,869.10,572.43,0.731
735,95.7024,6688.0,1,731.84,550.71,1.000,861.71,571.74,0.743
736,95.8612,6682.0,1,724.43,551.23,1.000,856.17,571.34,0.745
737,96.0018,6684.0,1,710.51,552.92,1.000,852.08,571.54,0.764
738,96.1517,6682.0,1,702.46,553.65,1.000,849.10,571.32,0.763
739,96.2999,6689.0,1,694.63,554.26,1.000,846.69,571.19,0.774
740,96.4337,6685.0,1,679.30,555.68,1.000,842.07,571.05,0.802
741,96.5713,6689.0,1,666.41,557.07,1.000,834.53,570.59,0.830
742,96.7166,6689.0,1,657.14,558.09,1.000,828.02,570.02,0.819
743,96.8546,3287.0,1,649.63,558.93,1.000,823.80,569.85,0.828
744,96.9936,6695.0,1,644.28,559.56,1.000,817.90,569.26,0.839
745,97.1380,3294.0,1,635.89,560.27,1.000,813.63,569.09,0.834
746,97.2712,3281.0,1,629.62,560.38,1.000,807.83,568.79,0.850
747,97.4106,6693.0,1,621.12,561.21,1.000,800.54,568.34,0.851
748,97.5509,6679.0,1,610.15,562.06,1.000,790.90,567.61,0.886
749,97.6952,6694.0,1,602.58,562.93,1.000,782.93,567.08,0.883
750,97.8420,3282.0,1,595.32,563.62,1.000,775.98,566.66,0.899
751,97.9833,3287.0,1,587.10,564.51,1.000,769.44,566.22,0.909
752,98.1224,3282.0,1,581.86,564.92,0.971,765.28,565.83,0.895
753,98.2593,6703.0,1,579.23,565.00,0.970,761.37,565.55,0.907
754,98.4015,6688.0,1,574.84,565.61,0.986,755.43,564.89,0.911
755,98.5414,3282.0,1,566.99,566.82,1.000,749.61,564.65,0.932
756,98.6850,6705.0,1,561.67,567.25,1.000,743.95,564.13,0.921
757,98.8244,3280.0,1,555.63,567.68,0.988,736.32,563.82,0.976
758,98.9601,3275.0,1,546.60,568.53,0.971,726.14,563.04,0.979
759,99.0998,6691.0,1,537.41,569.27,0.936,707.76,561.81,1.000
760,99.2478,6696.0,1,528.61,569.80,0.909,692.78,560.50,0.996
761,99.3874,6705.0,1,521.31,570.69,0.889,676.39,559.00,0.983
762,99.5274,6700.0,1,513.54,571.48,0.896,667.55,558.52,0.999
763,99.6690,6708.0,1,506.38,572.03,0.870,659.36,557.97,0.981
764,99.8051,3276.0,1,500.46,572.47,0.869,652.81,557.34,0.989
765,99.9425,6712.0,1,492.89,573.43,0.856,644.63,556.80,0.997
766,100.0862,3275.0,1,487.47,573.48,0.823,635.93,556.19,0.994
767,100.2270,6683.0,1,483.38,574.18,0.848,629.70,555.70,0.978
768,100.3693,3277.0,1,479.25,574.64,0.853,623.21,555.32,0.992
769,100.5125,3268.0,1,474.20,575.42,0.857,612.90,554.64,0.987
770,100.6481,3269.0,1,467.66,575.97,0.840,606.89,554.05,0.949
771,100.7845,6720.0,1,463.11,576.57,0.828,599.90,553.74,0.977
772,100.9445,6718.0,1,459.12,576.81,0.811,586.62,552.65,0.961
773,101.0875,6704.0,1,455.39,577.02,0.795,571.94,551.36,0.925
774,101.2296,6718.0,1,453.97,576.89,0.785,565.70,550.97,0.926
775,101.3678,6727.0,1,451.75,577.47,0.793,557.61,549.97,0.891
776,101.5106,6725.0,1,446.37,577.87,0.771,547.28,549.42,0.887
777,101.6471,3261.0,1,440.08,578.28,0.758,533.33,548.31,0.870
778,101.7938,3254.0,1,436.19,578.73,0.755,523.78,547.38,0.809
779,101.9336,6723.0,1,433.24,578.91,0.741,510.94,546.46,0.792
780,102.0753,6721.0,1,426.45,579.50,0.741,494.86,545.05,0.750
781,102.2191,6715.0,1,421.05,580.10,0.723,473.39,543.27,0.713
782,102.3532,3248.0,1,416.91,580.42,0.705,461.50,542.37,0.740
783,102.4920,6724.0,1,414.90,580.35,0.688,452.12,541.44,0.716
784,102.6334,6705.0,1,412.43,580.61,0.697,439.81,540.14,0.707
785,102.7724,6717.0,1,408.42,581.09,0.690,421.00,538.66,0.699
786,102.9137,6724.0,1,404.25,581.54,0.672,407.54,537.44,0.698
787,103.0531,6731.0,1,401.39,581.66,0.666,399.63,537.10,0.728
788,103.1972,6730.0,1,398.83,581.72,0.636,389.80,536.14,0.738
789,103.3345,3240.0,1,392.06,582.58,0.644,372.69,535.14,0.771
790,103.4743,3242.0,1,387.93,582.92,0.645,354.09,533.34,0.808
791,103.6185,3248.0,1,385.57,583.00,0.628,342.86,532.83,0.849
792,103.7613,3251.0,1,382.86,583.40,0.622,327.85,531.58,0.858
793,103.9031,3252.0,1,378.90,583.57,0.593,302.60,529.09,0.879
794,104.0379,3246.0,1,374.91,583.95,0.619,282.70,527.49,0.912
795,104.1794,6731.0,1,371.56,584.64,0.613,268.32,526.19,0.922
796,104.3191,6731.0,1,369.46,585.01,0.604,255.59,525.13,0.952
797,104.4583,6735.0,1,368.03,584.62,0.589,242.85,524.03,0.961
798,104.6045,6741.0,1,367.55,584.29,0.567,225.17,522.09,0.991
799,104.7481,3242.0,1,364.46,585.18,0.584,203.46,520.17,1.000
800,104.8849,6726.0,1,361.59,584.99,0.560,185.57,518.63,1.000
801,105.0236,6736.0,1,358.88,585.34,0.561,168.74,517.08,0.997
802,105.1673,3242.0,1,356.81,585.55,0.543,151.15,516.43,1.000
803,105.3067,6730.0,1,354.82,585.56,0.530,130.02,514.31,1.000
804,105.4480,6741.0,1,353.04,585.58,0.529,111.16,512.70,1.000
805,105.5882,6742.0,1,351.25,585.94,0.529,92.14,511.06,1.000
806,105.7257,3246.0,1,347.82,586.01,0.523,70.91,509.31,1.000
807,105.8636,6729.0,1,344.96,586.38,0.515,47.22,507.38,1.000
808,106.0211,3248.0,1,343.34,586.50,0.503,34.30,506.41,1.000
809,106.1657,3229.0,1,342.12,586.46,0.496,22.53,505.34,1.000
810,106.3059,6735.0,1,339.06,586.66,0.492,3.22,501.59,0.575
811,106.4382,6749.0,1,334.40,587.18,0.499,,,
812,106.5647,6749.0,1,329.97,588.09,0.504,,,
813,106.6975,6755.0,1,327.98,588.42,0.544,,,
814,106.8326,3232.0,1,327.53,588.14,0.504,,,
815,106.9654,6758.0,1,327.45,588.24,0.503,,,
816,107.0964,6754.0,1,327.68,588.07,0.491,,,
817,107.2318,6753.0,1,327.86,588.20,0.481,,,
818,107.3642,6761.0,1,331.97,587.78,0.465,,,
819,107.4942,6761.0,1,333.32,588.02,0.480,,,
820,107.6268,3229.0,1,334.39,587.85,0.487,,,
821,107.7602,3226.0,1,335.01,588.05,0.491,,,
822,107.8933,6763.0,1,336.90,588.00,0.486,,,
823,108.0264,6763.0,1,337.44,588.26,0.475,,,
824,108.1536,3230.0,1,338.97,587.97,0.465,,,
825,108.2828,6760.0,1,339.74,588.28,0.493,,,
826,108.4159,6764.0,1,340.16,588.24,0.482,,,
827,108.5507,3226.0,1,342.22,588.52,0.497,,,
828,108.7003,3228.0,1,344.00,588.52,0.491,3.26,500.94,0.655
829,108.8413,3222.0,1,345.66,588.47,0.490,13.95,504.41,1.000
830,108.9772,6763.0,1,345.70,588.25,0.494,10.07,504.38,1.000
831,109.1173,3212.0,1,345.74,588.48,0.486,4.73,503.17,1.000
832,109.2604,3220.0,1,345.62,588.47,0.469,3.92,502.77,1.000
833,109.4013,6755.0,1,343.64,589.25,0.513,3.12,494.98,0.177
834,109.5419,6766.0,1,342.96,589.13,0.488,3.16,492.90,0.109
835,109.6861,3217.0,1,343.02,589.07,0.484,3.20,491.91,0.104
836,109.8220,3200.0,1,343.04,589.05,0.485,3.17,493.05,0.106
837,109.9606,3212.0,1,343.62,589.26,0.493,3.16,495.28,0.174
838,110.1032,6766.0,1,344.47,589.36,0.477,3.48,502.25,0.969
839,110.2493,6782.0,1,347.91,589.40,0.513,20.78,504.53,1.000
840,110.3897,3213.0,1,354.28,588.78,0.490,51.68,507.28,1.000
841,110.5302,6773.0,1,358.35,588.49,0.495,84.02,510.11,1.000
842,110.6654,6774.0,1,361.72,588.11,0.517,121.25,513.19,1.000
843,110.8016,6776.0,1,365.74,587.82,0.519,162.85,517.10,1.000
844,110.9406,3197.0,1,370.39,587.78,0.556,204.75,520.61,1.000
845,111.0955,3199.0,1,373.76,587.57,0.585,254.68,525.56,0.980
846,111.2405,3217.0,1,381.08,587.48,0.613,304.22,530.18,0.908
847,111.3798,6784.0,1,393.56,586.33,0.639,349.74,533.69,0.842
848,111.5286,6775.0,1,413.83,584.72,0.630,391.92,536.61,0.732
849,111.6675,6783.0,1,438.48,582.12,0.636,429.00,538.60,0.634
850,111.8079,3209.0,1,461.44,580.03,0.678,462.77,541.32,0.648
851,111.9472,3205.0,1,482.09,578.10,0.681,493.42,543.60,0.674
852,112.0910,6783.0,1,501.80,576.05,0.690,523.90,545.78,0.694
853,112.2309,3200.0,1,525.30,573.80,0.722,549.66,547.31,0.725
854,112.3647,3194.0,1,547.70,571.73,0.766,570.61,548.86,0.761
855,112.5043,6789.0,1,567.29,570.08,0.781,593.68,550.47,0.757
856,112.6508,6783.0,1,586.41,568.33,0.782,614.03,552.27,0.760
857,112.7909,3202.0,1,611.68,565.41,0.781,621.33,552.16,0.712
858,112.9335,3188.0,1,627.21,564.26,0.804,636.41,553.22,0.704
859,113.0763,6793.0,1,642.62,563.26,0.848,641.70,553.44,0.699
860,113.2119,6791.0,1,656.60,561.58,0.856,642.72,553.13,0.672
861,113.3497,6780.0,1,665.35,560.56,0.826,640.21,552.70,0.660
862,113.4901,3178.0,1,672.88,559.93,0.818,636.90,552.12,0.641
863,113.6327,6794.0,1,680.72,558.95,0.801,636.14,552.00,0.605
864,113.7757,6774.0,1,690.69,557.87,0.796,634.89,551.78,0.633
865,113.9137,6800.0,1,699.02,557.20,0.806,632.78,551.33,0.615
866,114.0519,6795.0,1,710.71,555.68,0.802,626.22,550.22,0.570
867,114.1974,3191.0,1,724.44,554.28,0.808,621.81,549.39,0.523
868,114.3395,3180.0,1,730.07,553.58,0.775,620.87,548.88,0.484
869,114.4811,6799.0,1,736.47,552.37,0.768,613.29,548.41,0.525
870,114.6249,6786.0,1,738.69,552.30,0.759,611.33,548.27,0.511
871,114.7687,3180.0,1,743.28,551.87,0.746,607.55,547.47,0.486
872,114.9045,6802.0,1,747.28,551.05,0.741,601.65,546.55,0.491
873,115.0412,3174.0,1,752.96,550.38,0.739,600.39,546.57,0.480
874,115.1862,6802.0,1,762.25,549.52,0.746,599.64,546.22,0.462
875,115.3258,3192.0,1,771.32,548.38,0.733,598.36,545.81,0.444
876,115.4694,3178.0,1,777.52,547.93,0.730,594.79,545.50,0.432
877,115.6129,6790.0,1,780.59,547.48,0.713,594.48,545.46,0.416
878,115.7485,3179.0,1,785.04,546.29,0.688,590.89,544.75,0.399
879,115.8846,6791.0,1,789.62,545.26,0.677,584.61,544.15,0.375
880,116.0246,3174.0,1,794.67,545.49,0.690,580.40,543.98,0.393
881,116.1689,3179.0,1,796.50,544.98,0.674,574.47,542.84,0.347
882,116.3117,6806.0,1,800.71,544.68,0.667,571.31,542.66,0.370
883,116.4516,3172.0,1,801.12,544.88,0.673,571.19,542.82,0.366
884,116.5859,3169.0,1,801.11,544.84,0.665,567.69,542.29,0.337
885,116.7293,6816.0,1,801.47,544.77,0.663,566.53,542.47,0.388
886,116.8714,3173.0,1,801.86,544.50,0.659,564.19,541.93,0.335
887,117.0129,3165.0,1,801.84,544.73,0.662,563.98,541.91,0.344
888,117.1577,3164.0,1,801.87,544.79,0.660,563.98,542.02,0.346
889,117.3017,6812.0,1,801.88,544.73,0.650,563.97,541.99,0.347
890,117.4367,3167.0,1,801.97,544.90,0.656,563.93,541.99,0.348
891,117.5748,6812.0,1,801.99,544.78,0.651,563.87,541.73,0.310
892,117.7191,6806.0,1,802.00,544.94,0.658,563.88,542.03,0.342
893,117.8582,3162.0,1,802.03,544.93,0.664,563.93,542.14,0.346
894,117.9986,3165.0,1,802.04,544.90,0.663,563.83,542.11,0.348
895,118.1484,6824.0,1,801.97,544.84,0.657,563.98,541.98,0.341
896,118.2832,6833.0,1,801.99,544.85,0.666,563.94,541.86,0.336
897,118.4204,3165.0,1,800.52,545.23,0.656,564.88,542.09,0.355
898,118.5628,3158.0,1,796.86,545.42,0.653,566.84,542.39,0.359
899,118.7055,6817.0,1,793.96,546.24,0.659,570.96,543.04,0.376
900,118.8466,3160.0,1,792.08,546.40,0.645,573.83,543.35,0.371
901,118.9873,3157.0,1,790.43,546.73,0.667,577.79,543.68,0.377
902,119.1280,3142.0,1,788.20,546.71,0.663,579.83,544.09,0.382
903,119.2662,6826.0,1,786.46,547.29,0.656,581.05,544.07,0.380
904,119.4094,6830.0,1,783.38,547.48,0.697,584.38,544.29,0.367
905,119.5535,6829.0,1,780.05,548.78,0.685,586.04,544.63,0.383
906,119.6983,6814.0,1,777.50,549.01,0.703,587.46,544.99,0.394
907,119.8379,3152.0,1,773.55,549.43,0.699,589.94,545.43,0.415
908,119.9719,3152.0,1,769.69,549.80,0.716,592.23,545.61,0.409
909,120.1130,6829.0,1,766.60,550.47,0.717,594.60,545.96,0.420
910,120.2544,6828.0,1,764.96,550.71,0.702,596.14,546.15,0.411
911,120.3925,3147.0,1,762.51,551.37,0.702,600.20,546.89,0.453
912,120.5326,6833.0,1,758.99,551.64,0.720,604.08,547.20,0.424
913,120.6764,3169.0,1,757.04,551.95,0.697,608.44,547.91,0.459
914,120.8151,3145.0,1,756.14,551.95,0.723,613.95,548.92,0.487
915,120.9561,3140.0,1,753.53,552.35,0.734,617.87,549.10,0.479
916,121.0953,3146.0,1,750.97,552.95,0.739,622.40,549.73,0.502
917,121.2424,3142.0,1,748.04,553.62,0.752,627.28,550.25,0.486
918,121.3800,6839.0,1,744.78,553.93,0.759,630.91,550.94,0.511
919,121.5195,6839.0,1,741.23,554.36,0.764,635.30,551.42,0.533
920,121.6553,6839.0,1,736.18,555.30,0.795,640.99,552.02,0.518
921,121.7923,3127.0,1,729.99,556.20,0.805,645.42,552.59,0.548
922,121.9313,3138.0,1,724.60,556.97,0.812,651.13,553.60,0.561
923,122.0733,3139.0,1,721.24,557.59,0.838,655.86,554.28,0.580
924,122.2170,3134.0,1,719.01,558.17,0.839,658.73,554.60,0.579
925,122.3592,3132.0,1,715.26,558.29,0.825,663.77,555.11,0.574
926,122.4956,3143.0,1,711.17,558.73,0.842,667.40,555.58,0.602
927,122.6362,6842.0,1,708.38,559.16,0.831,669.79,555.97,0.601
928,122.7778,3137.0,1,704.19,559.86,0.829,674.00,556.62,0.639
929,122.9179,6849.0,1,698.16,560.65,0.858,681.13,557.57,0.647
930,123.0589,6839.0,1,694.43,561.11,0.858,684.23,557.80,0.639
931,123.2062,3136.0,1,691.14,561.34,0.860,687.67,558.41,0.649
932,123.3422,6835.0,1,688.68,561.89,0.862,690.32,558.74,0.648
933,123.4819,3117.0,1,686.80,562.05,0.858,691.67,558.72,0.657
934,123.6302,3136.0,1,681.40,562.72,0.885,696.60,559.40,0.646
935,123.7695,6857.0,1,676.14,563.42,0.888,703.09,560.76,0.690
936,123.9085,3121.0,1,670.56,564.32,0.917,708.30,561.39,0.735
937,124.0476,3119.0,1,667.94,564.65,0.930,710.98,561.74,0.721
938,124.1869,6857.0,1,664.84,565.13,0.902,715.79,562.18,0.714
939,124.3257,3129.0,1,660.09,565.71,0.937,722.30,562.88,0.722
940,124.4663,6855.0,1,653.46,566.79,0.958,729.70,563.80,0.737
941,124.6080,3127.0,1,647.76,567.32,0.946,734.70,564.74,0.755
942,124.7543,6863.0,1,641.78,568.40,0.969,741.78,565.48,0.759
943,124.8950,6861.0,1,636.02,568.97,0.978,747.04,566.16,0.778
944,125.0327,6860.0,1,629.96,569.43,0.977,750.79,566.44,0.776
945,125.1728,6863.0,1,623.81,570.12,0.964,756.55,567.19,0.794
946,125.3166,6863.0,1,617.10,571.04,0.962,764.48,568.27,0.803
947,125.4553,3116.0,1,613.98,571.37,0.972,767.80,568.66,0.803
948,125.5967,3107.0,1,607.82,572.24,0.971,775.30,569.76,0.784
949,125.7434,6868.0,1,601.92,573.25,0.999,782.30,570.59,0.810
950,125.8799,3120.0,1,595.75,574.10,1.000,788.11,571.16,0.817
951,126.0157,3120.0,1,590.50,574.63,1.000,794.60,572.04,0.828
952,126.1681,3090.0,1,585.63,575.32,1.000,799.92,572.68,0.843
953,126.3255,6870.0,1,582.58,575.70,0.990,801.85,573.17,0.863
954,126.4643,6879.0,1,577.45,576.17,1.000,806.66,573.49,0.838
955,126.6037,3107.0,1,570.81,577.17,1.000,811.15,574.02,0.827
956,126.7459,6884.0,1,565.82,578.01,1.000,815.45,574.79,0.852
957,126.8834,3123.0,1,561.74,578.47,1.000,818.81,575.15,0.869
958,127.0238,3103.0,1,555.36,579.18,1.000,824.91,575.80,0.863
959,127.1673,3099.0,1,547.03,580.21,1.000,832.92,577.05,0.890
960,127.3096,3115.0,1,537.35,581.40,1.000,841.59,578.12,0.897
961,127.4494,6875.0,1,534.37,581.71,1.000,844.87,578.62,0.909
962,127.5857,6861.0,1,528.29,582.70,1.000,852.70,579.45,0.906
963,127.7311,6880.0,1,519.03,583.93,1.000,862.91,580.83,0.914
964,127.8781,3105.0,1,508.41,585.32,1.000,874.18,582.29,0.948
965,128.0188,6864.0,1,499.62,586.81,1.000,884.39,583.36,0.965
966,128.1629,6879.0,1,489.35,587.99,1.000,896.58,584.64,0.949
967,128.3033,3104.0,1,476.74,589.46,1.000,909.80,586.49,0.984
968,128.4369,3100.0,1,468.03,590.62,1.000,917.88,587.37,0.982
969,128.5741,6889.0,1,458.26,591.98,1.000,927.33,588.74,1.000
970,128.7165,3115.0,1,446.41,593.53,1.000,937.69,589.94,1.000
971,128.8568,6870.0,1,427.74,595.87,1.000,957.81,591.94,1.000
972,129.0002,3112.0,1,412.24,597.75,1.000,969.98,593.78,1.000
973,129.1464,3090.0,1,403.16,598.78,1.000,977.24,594.74,1.000
974,129.2854,6886.0,1,393.19,599.96,1.000,985.87,595.85,1.000
975,129.4217,6892.0,1,378.31,601.62,1.000,997.88,597.47,1.000
976,129.5624,3097.0,1,366.43,603.28,1.000,1006.84,598.67,1.000
977,129.7055,6890.0,1,355.24,604.58,1.000,1017.17,600.21,1.000
978,129.8456,3099.0,1,341.93,606.18,1.000,1027.42,601.38,1.000
979,129.9861,6889.0,1,332.31,607.55,1.000,1037.65,602.72,1.000
980,130.1270,6891.0,1,317.67,609.39,1.000,1052.33,604.67,1.000
981,130.2642,6896.0,1,307.38,610.59,1.000,1061.61,605.84,1.000
982,130.4077,3095.0,1,302.22,611.00,1.000,1065.74,606.32,1.000
983,130.5472,3076.0,1,299.10,611.31,1.000,1068.28,606.55,1.000
984,130.6889,3074.0,1,289.45,612.34,1.000,1075.86,607.71,1.000
985,130.8292,3071.0,1,274.45,614.30,1.000,1090.14,609.59,1.000
986,130.9635,3089.0,1,262.65,615.24,1.000,1100.97,611.09,1.000
987,131.1014,6891.0,1,250.75,616.63,1.000,1114.59,612.74,1.000
988,131.2550,6904.0,1,245.74,617.16,1.000,1119.63,613.34,1.000
989,131.4046,3087.0,1,235.78,618.17,1.000,1128.78,614.56,1.000
990,131.5455,3082.0,1,221.02,620.32,1.000,1145.71,616.58,1.000
991,131.6879,3076.0,1,209.03,622.00,1.000,1161.40,618.29,1.000
992,131.8247,3085.0,1,208.95,622.28,1.000,1161.76,618.38,1.000
993,131.9628,3077.0,1,208.94,622.34,1.000,1161.76,618.41,1.000
994,132.1031,6904.0,1,213.40,621.99,1.000,1155.13,618.00,1.000
995,132.2338,6905.0,1,,,,,,
996,132.3571,3077.0,1,,,,,,
997,132.4840,6933.0,1,,,,,,
998,132.6024,3083.0,1,,,,,,
999,132.7277,3075.0,1,,,,,,
1000,132.8521,3074.0,1,,,,,,
1001,132.9749,3080.0,1,,,,,,
1002,133.1035,3074.0,1,,,,,,
1003,133.2373,6909.0,1,,,,,,
1004,133.3635,6916.0,1,,,,,,
1005,133.4874,3070.0,1,,,,,,
1006,133.6127,6917.0,1,,,,,,
1007,133.7394,6917.0,1,,,,,,
1008,133.8638,6915.0,1,,,,,,
1009,133.9864,3067.0,1,,,,,,
1010,134.1178,6918.0,1,,,,,,
1011,134.2439,6918.0,1,,,,,,
1012,134.3708,3065.0,1,,,,,,
1013,134.4962,3067.0,1,,,,,,
1014,134.6252,6921.0,1,,,,,,
1015,134.7512,3064.0,1,,,,,,
1016,134.8683,3062.0,1,,,,,,
1017,134.9902,3064.0,1,,,,,,
1018,135.1150,3061.0,1,,,,,,
1019,135.2447,3059.0,1,,,,,,
1020,135.3705,6927.0,1,,,,,,
1021,135.4952,3057.0,1,,,,,,
1022,135.6222,6926.0,1,,,,,,
1023,135.7467,3057.0,1,,,,,,
